Co_R0,Co_R0_std,Co_c1,Co_c2,Co_c_std1,Co_c_std2,Co_m1,Co_m2,Co_m_std1,Co_m_std2,Co_tau1,Co_tau2,Co_tau_std1,Co_tau_std2
2.384981943034896394e+05,9.812368355554352775e+02,5.494374420859425845e-01,6.299775940115127648e-01,2.333966720602498671e-02,1.566714348457702924e-02,1.927435426271247587e-01,9.387733340176107610e-01,6.264793848232757742e-03,4.380005757256268117e-02,3.770939190189705470e-01,6.268893922964774762e-06,1.488006832078745192e-02,3.128403941530916106e-07
