Parameter, Mean, SD, MC Error, Lower 95% HPD, Upper 95% HPD, q2.5, q25, q50, q75, q97.5
R0, 1.01201568599, 0.0042143399112, 0.000173015606262, 1.00358692429, 1.01988788663, 1.00395640637, 1.00911674164, 1.01199242539, 1.01480008258, 1.02041050371
log_tau_0, -0.4155020793, 0.0394848066698, 0.00294712043726, -0.492449605627, -0.341145467755, -0.491777065397, -0.441496278999, -0.416794413984, -0.389265316502, -0.339377102962
log_tau_1, -5.21497739905, 0.0479215961486, 0.00341731735138, -5.2965481317, -5.11962021463, -5.29014592337, -5.25028335707, -5.22367531317, -5.1845725507, -5.11138982672
c_0, 0.553138286327, 0.024201540981, 0.00137387669451, 0.502499967981, 0.598527593356, 0.503291279957, 0.537457738991, 0.553817228495, 0.569593866131, 0.600173523882
c_1, 0.625910773653, 0.0158372086471, 0.000978839258612, 0.594582241699, 0.65529206404, 0.596139192383, 0.614765268945, 0.625653990644, 0.636371187461, 0.657542459286
m_0, 0.191434619494, 0.00689951215431, 0.000427161462936, 0.178916669192, 0.205891046585, 0.178150131034, 0.186846004432, 0.191303363878, 0.196040526769, 0.205191865809
m_1, 0.948982890136, 0.0409580884563, 0.00291637788564, 0.869075763612, 0.999960418392, 0.856254000604, 0.922347615116, 0.960317971125, 0.9827403807, 0.9983694521
