Co_R0,Co_R0_std,Co_c1,Co_c2,Co_c_std1,Co_c_std2,Co_m1,Co_m2,Co_m_std1,Co_m_std2,Co_tau1,Co_tau2,Co_tau_std1,Co_tau_std2
2.617373986615816248e+05,1.190593449348818922e+03,4.772206916945152533e-01,7.603567169285398997e-01,2.937298105389429814e-02,8.377477958199559815e-02,3.793724155784525265e-01,7.036424549480623236e-01,2.120240136858195928e-02,1.694008320196583317e-01,9.802702920023260991e-02,4.404369580077289113e-06,9.004388855578970841e-03,9.316015045714025569e-07
