Parameter, Mean, SD, MC Error, Lower 95% HPD, Upper 95% HPD, q2.5, q25, q50, q75, q97.5
c_0, 0.467997306809, 0.028123445793, 0.00179152534161, 0.415858328706, 0.525377955153, 0.414952804077, 0.44907406743, 0.467420849803, 0.485887590923, 0.524866042626
c_1, 0.788102021488, 0.0839261671434, 0.0062525908947, 0.642166309576, 0.965527329272, 0.629154337878, 0.725527289345, 0.788248095715, 0.845897732715, 0.953890473323
log_tau_0, -1.04094549531, 0.0857390922824, 0.00646724798496, -1.222470967, -0.887131693505, -1.20311115711, -1.09905290344, -1.04248784661, -0.983597848754, -0.865628517466
log_tau_1, -5.31388695445, 0.243271487483, 0.0218529514795, -5.69997685301, -4.84089905829, -5.6926887661, -5.50479834442, -5.35474458028, -5.12405485322, -4.83094989895
R0, 1.02786404487, 0.00498096881999, 0.000266796562956, 1.01736415816, 1.03720954886, 1.01854665199, 1.02448551563, 1.02773505878, 1.03097655472, 1.03894585419
m_0, 0.386691200665, 0.0196140504174, 0.00137332459451, 0.349493551867, 0.425419102924, 0.347140073493, 0.373377554851, 0.387084234409, 0.400077066242, 0.42364916809
m_1, 0.683291912983, 0.197754818592, 0.0176492976504, 0.350942547865, 0.993417646653, 0.333825558034, 0.510901425803, 0.697856017197, 0.856285797678, 0.984173115933
