Co_R0,Co_R0_std,Co_c1,Co_c2,Co_c_std1,Co_c_std2,Co_m1,Co_m2,Co_m_std1,Co_m_std2,Co_tau1,Co_tau2,Co_tau_std1,Co_tau_std2
1.039494318961066747e+05,3.628910642956658421e+02,3.780999581447629931e-01,5.753905433428684324e-01,2.762339637747047993e-02,3.650036027334242067e-02,7.264708140678437231e-02,6.133401151833732801e-01,6.056353819802213524e-03,2.021743757873385172e-01,5.405096956587123191e-01,5.798665446953621324e-06,3.890596556258786587e-02,1.996177696232854047e-06
