Parameter, Mean, SD, MC Error, Lower 95% HPD, Upper 95% HPD, q2.5, q25, q50, q75, q97.5
c_0, 0.300470977236, 0.047054131262, 0.00464248135539, 0.186937588006, 0.376573981766, 0.190127213292, 0.282888133352, 0.305230438636, 0.329338540209, 0.381221966653
c_1, 0.603159471305, 0.0251418085853, 0.00243970083455, 0.570415191232, 0.673116826536, 0.570349610078, 0.587445317139, 0.597169617663, 0.611172614784, 0.673116826536
log_tau_0, -0.231440094755, 0.101677067267, 0.009986699924, -0.431676341393, -0.0744104918036, -0.417366321113, -0.308876725187, -0.232334358968, -0.146431180438, -0.0471251696799
log_tau_1, -5.60165257661, 0.0916239893988, 0.00891876146694, -5.69906385561, -5.34918040978, -5.69402764799, -5.65927072042, -5.62965558603, -5.58667926676, -5.33963522567
R0, 1.02154431163, 0.00929821149386, 0.000905740995766, 1.00529732982, 1.04215290039, 1.00746396022, 1.01504412161, 1.01994495774, 1.02540181913, 1.04484897185
m_0, 0.0933362149154, 0.0166984251981, 0.00165513299183, 0.0693768353904, 0.136277584965, 0.0717069788142, 0.0827688217752, 0.089964015126, 0.0967697575631, 0.139422536181
m_1, 0.930546849771, 0.0795468205563, 0.00770354267904, 0.719373856424, 0.99997849083, 0.703650372576, 0.916896332975, 0.95886984316, 0.982451939121, 0.998594174363
