Co_R0,Co_R0_std,Co_c1,Co_c2,Co_c_std1,Co_c_std2,Co_m1,Co_m2,Co_m_std1,Co_m_std2,Co_tau1,Co_tau2,Co_tau_std1,Co_tau_std2
4.123899635468258930e+04,2.213506129854555127e+02,4.554384641937478384e-01,5.998671563970616738e-01,3.210252852395062417e-02,3.942498578192316777e-02,1.474016855620338406e-01,7.740153249719385897e-01,7.098232498815621079e-03,1.371742452492495379e-01,1.191084384958994019e-01,1.361005569303335577e-06,7.606002845881893772e-03,2.697168349437135119e-07
