Parameter, Mean, SD, MC Error, Lower 95% HPD, Upper 95% HPD, q2.5, q25, q50, q75, q97.5
c_0, 0.452554817679, 0.0336966432369, 0.00203248802853, 0.38595224275, 0.516532551747, 0.382966798944, 0.430049699624, 0.453090008431, 0.476162749362, 0.516166373098
c_1, 0.612264518176, 0.0495247429585, 0.00418576520866, 0.519806293063, 0.70728817071, 0.523607411466, 0.575637506797, 0.611209973957, 0.643635078199, 0.714250493003
R0, 1.00003157434, 0.00553719485137, 0.000170452611851, 0.989330473885, 1.0111337699, 0.989249611904, 0.996481559647, 0.999986687746, 1.00369097665, 1.01111678314
log_tau_0, -0.937062686819, 0.0803695933356, 0.0068009385509, -1.08999988838, -0.771449091756, -1.09597215998, -0.98640694339, -0.938624638533, -0.885685920423, -0.773651455801
log_tau_1, -5.76094801314, 0.281858934864, 0.0270636509695, -6.21455226904, -5.1726112277, -6.20205271146, -5.96986928122, -5.8011879503, -5.58479302348, -5.14967232334
m_0, 0.148544110036, 0.00854983682199, 0.000646157997467, 0.131803829179, 0.165280506993, 0.132434226631, 0.142923177333, 0.148592094699, 0.153916852502, 0.166426143928
m_1, 0.706752398547, 0.179350284532, 0.0169666543073, 0.387512100784, 0.999052519597, 0.351810424389, 0.571694301843, 0.727996370795, 0.85328665403, 0.983729165799
