Co_R0,Co_R0_std,Co_c1,Co_c2,Co_c_std1,Co_c_std2,Co_m1,Co_m2,Co_m_std1,Co_m_std2,Co_tau1,Co_tau2,Co_tau_std1,Co_tau_std2
9.637335817415604834e+04,1.678030757771724950e+02,4.522652829659937201e-01,6.073254961898488791e-01,1.224886577580442532e-02,1.234534151568237106e-02,1.397849536295619477e-01,9.401621343228842020e-01,3.330727193305981805e-03,4.496861622251680651e-02,2.074802272148391635e-01,2.624544609262901621e-06,5.983525474651523769e-03,1.328004574084474545e-07
